ActionID,ActionType,MethodID,BeginDateTime,BeginDateTimeUTCOffset,EndDateTime,EndDateTimeUTCOffset,ActionDescription,ActionFileLink
1,observation,1,01/01/50,-5,,,Inicio de monitoreo por parte del IDEAM,http://www.ideam.gov.co/
2,observation,2,01/01/50,-5,,,Inicio de monitoreo por parte del IDEAM,http://www.ideam.gov.co/
3,observation,3,01/01/50,-5,,,Inicio de monitoreo por parte del IDEAM,http://www.ideam.gov.co/
4,observation,4,01/01/50,-5,,,Inicio de monitoreo por parte del IDEAM,http://www.ideam.gov.co/
5,observation,5,01/01/50,-5,,,Inicio de monitoreo por parte del IDEAM,http://www.ideam.gov.co/
6,observation,6,01/01/50,-5,,,Inicio de monitoreo por parte del IDEAM,http://www.ideam.gov.co/
7,observation,7,01/01/50,-5,,,Inicio de monitoreo por parte del IDEAM,http://www.ideam.gov.co/
8,observation,8,01/01/50,-5,,,Inicio de monitoreo por parte del IDEAM,http://www.ideam.gov.co/
9,observation,9,01/01/50,-5,,,Inicio de monitoreo por parte del IDEAM,http://www.ideam.gov.co/
10,observation,10,01/01/50,-5,,,Inicio de monitoreo por parte del IDEAM,http://www.ideam.gov.co/
11,observation,11,01/01/50,-5,,,Inicio de monitoreo por parte del IDEAM,http://www.ideam.gov.co/
12,observation,12,01/01/50,-5,,,Inicio de monitoreo por parte del IDEAM,http://www.ideam.gov.co/
